date,tonnes_produites,cout_forage_usd_t,cout_sautage_usd_t,cout_chargement_usd_t,cout_transport_usd_t,cout_energie_usd_t,cout_total_usd_t,disponibilite_flotte_pct,incidents_hse
2024-01-01,9808,3.683,2.448,4.482,7.292,2.22,20.125,100.0,0
2024-01-02,9540,3.652,2.428,4.293,7.874,1.954,20.201,98.3,0
2024-01-03,9500,3.995,2.643,4.441,7.079,1.97,20.128,100.0,0
2024-01-04,9241,3.569,2.668,4.592,6.696,2.321,19.846,93.3,1
2024-01-05,9350,3.852,2.475,4.762,7.362,2.172,20.623,100.0,1
2024-01-06,9848,3.766,2.436,4.547,7.511,2.174,20.434,98.3,0
2024-01-07,9248,3.631,2.455,4.402,7.866,1.972,20.326,96.7,0
2024-01-08,9486,3.854,2.451,4.253,7.913,2.434,20.905,91.7,2
2024-01-09,9492,3.64,2.736,4.431,6.936,2.106,19.849,100.0,2
2024-01-10,10001,3.666,2.636,4.521,6.916,1.983,19.722,98.3,0
2024-01-11,9749,3.586,2.645,4.692,6.867,2.103,19.893,100.0,1
2024-01-12,9631,4.188,2.496,4.62,7.475,2.237,21.016,93.3,0
2024-01-13,9218,3.888,2.569,4.527,7.383,2.0,20.367,100.0,1
2024-01-14,9707,3.593,2.671,4.727,6.865,2.126,19.982,100.0,1
2024-01-15,9502,3.633,2.542,5.602,7.736,2.038,21.551,86.3,1
2024-01-16,9758,3.738,2.652,4.509,6.907,1.999,19.805,100.0,2
2024-01-17,9360,3.892,2.735,4.43,7.476,2.021,20.554,100.0,0
2024-01-18,9754,3.854,2.611,5.027,6.791,2.068,20.351,96.0,0
2024-01-19,9228,3.734,2.429,4.812,6.732,2.222,19.929,96.0,0
2024-01-20,9733,3.986,2.449,4.445,6.851,2.069,19.8,100.0,0
2024-01-21,10070,3.717,2.709,4.709,7.618,2.026,20.779,100.0,0
2024-01-22,9884,3.568,2.631,4.76,6.953,2.056,19.968,100.0,0
2024-01-23,9780,3.593,2.451,4.224,7.094,2.359,19.721,91.7,0
2024-01-24,9378,3.721,2.743,4.641,7.624,2.223,20.952,100.0,0
2024-01-25,9707,4.305,2.481,4.421,6.778,2.195,20.18,95.0,1
2024-01-26,9450,3.772,2.676,4.217,7.135,2.051,19.851,100.0,1
2024-01-27,9808,3.827,2.505,4.716,7.863,2.054,20.965,98.3,0
2024-01-28,10111,4.173,2.672,4.444,6.915,1.964,20.168,95.0,0
2024-01-29,9620,3.78,2.725,4.904,7.55,2.1,21.059,92.0,0
2024-01-30,9536,3.742,2.704,4.527,7.101,2.025,20.099,100.0,0
2024-01-31,9568,3.746,2.606,4.49,7.409,2.037,20.288,100.0,1
2024-02-01,9541,3.992,2.444,4.678,7.27,1.984,20.368,93.3,1
2024-02-02,9328,3.871,2.751,4.475,7.006,2.17,20.273,98.3,0
2024-02-03,9542,3.94,2.71,4.186,7.055,2.447,20.338,93.3,1
2024-02-04,10040,3.707,2.619,4.82,6.941,2.104,20.191,96.0,0
2024-02-05,9434,3.691,2.781,4.429,7.429,2.045,20.375,100.0,0
2024-02-06,9296,3.885,2.594,4.64,6.982,2.029,20.13,98.3,0
2024-02-07,9387,3.697,2.736,4.689,7.143,2.045,20.31,98.3,0
2024-02-08,9258,3.891,2.767,4.391,7.491,2.054,20.594,100.0,2
2024-02-09,9557,3.709,2.483,4.461,6.709,2.205,19.567,100.0,1
2024-02-10,9556,3.818,2.433,4.274,7.701,2.028,20.254,100.0,0
2024-02-11,9965,3.986,2.517,5.032,7.418,2.204,21.157,96.0,1
2024-02-12,10185,4.015,2.529,4.202,6.72,2.022,19.488,100.0,1
2024-02-13,9654,3.922,2.748,4.373,7.311,2.091,20.445,100.0,1
2024-02-14,9876,4.218,2.711,4.677,7.495,1.989,21.09,95.0,0
2024-02-15,9808,3.656,2.588,4.244,7.536,2.042,20.066,100.0,0
2024-02-16,10017,3.839,2.463,4.37,7.59,2.134,20.396,100.0,0
2024-02-17,10215,3.763,2.645,4.232,7.521,2.22,20.381,100.0,0
2024-02-18,9445,3.815,2.775,4.309,7.222,2.18,20.301,98.3,0
2024-02-19,9794,4.054,2.52,4.63,7.57,2.082,20.856,100.0,1
2024-02-20,9404,3.774,2.69,4.694,7.596,2.194,20.948,100.0,0
2024-02-21,10080,4.016,2.577,4.679,7.643,1.987,20.902,98.3,0
2024-02-22,10120,4.055,2.494,4.567,6.706,2.102,19.924,100.0,1
2024-02-23,9638,3.876,2.571,4.59,6.985,2.209,20.231,96.0,0
2024-02-24,9571,4.027,2.44,4.426,7.624,2.019,20.536,100.0,2
2024-02-25,10145,3.538,2.638,4.634,6.944,2.211,19.965,98.3,1
2024-02-26,9796,3.909,2.573,4.415,6.721,2.067,19.685,100.0,0
2024-02-27,9940,3.837,2.436,4.413,7.287,2.246,20.219,100.0,0
2024-02-28,10109,4.061,2.724,4.804,6.826,2.121,20.536,100.0,0
2024-02-29,10250,4.175,2.552,4.214,7.631,2.168,20.74,95.0,0
2024-03-01,9770,3.789,2.671,4.189,6.782,2.096,19.527,100.0,1
2024-03-02,9686,4.292,2.745,4.207,7.599,2.209,21.052,93.3,0
2024-03-03,9960,4.055,2.646,4.473,7.4,1.965,20.539,100.0,1
2024-03-04,9540,3.676,2.543,4.35,7.47,2.163,20.202,100.0,1
2024-03-05,9507,4.015,2.765,4.383,6.821,2.114,20.098,100.0,0
2024-03-06,9930,3.71,2.767,4.576,7.405,2.166,20.624,100.0,0
2024-03-07,9453,3.568,2.584,4.782,6.701,2.115,19.75,100.0,1
2024-03-08,9949,3.798,2.621,4.255,7.209,1.955,19.838,100.0,0
2024-03-09,9914,3.765,2.679,4.55,7.097,2.0,20.091,98.3,0
2024-03-10,9980,3.835,2.643,4.688,7.538,2.092,20.796,100.0,0
2024-03-11,10334,3.569,2.74,4.5,7.143,2.103,20.055,100.0,1
2024-03-12,9812,3.859,2.551,4.343,6.888,2.051,19.692,100.0,0
2024-03-13,9515,3.899,2.708,4.269,7.184,2.154,20.214,100.0,0
2024-03-14,9435,3.972,2.507,4.417,7.849,1.993,20.738,98.3,0
2024-03-15,9613,3.813,2.677,4.696,6.953,1.98,20.119,100.0,2
2024-03-16,9931,3.592,2.514,4.515,7.253,2.182,20.056,96.7,1
2024-03-17,10188,3.963,2.536,4.351,7.318,1.958,20.126,100.0,0
2024-03-18,9641,3.572,2.759,4.675,7.63,2.293,20.929,87.7,1
2024-03-19,9942,3.544,2.548,4.666,7.165,2.127,20.05,100.0,1
2024-03-20,9609,3.968,2.68,4.382,7.24,2.2,20.47,98.3,0
2024-03-21,9595,3.685,2.647,4.868,7.73,1.987,20.917,94.3,2
2024-03-22,10160,3.982,2.521,4.305,6.873,2.008,19.689,100.0,0
2024-03-23,10220,3.54,2.631,4.243,7.203,1.978,19.595,100.0,0
2024-03-24,10295,3.988,2.715,4.479,7.33,2.053,20.565,100.0,0
2024-03-25,9728,3.954,2.488,4.458,6.972,2.009,19.881,100.0,1
2024-03-26,10059,3.891,2.462,5.037,6.986,2.44,20.816,82.7,1
2024-03-27,10416,4.007,2.682,4.225,7.014,2.244,20.172,100.0,0
2024-03-28,10228,3.881,2.694,4.293,7.526,2.097,20.491,100.0,0
2024-03-29,10487,3.65,2.597,4.5,7.249,2.113,20.109,100.0,1
2024-03-30,9990,3.962,2.643,4.315,7.211,2.246,20.377,100.0,1
2024-03-31,9841,3.567,2.612,4.76,7.591,2.087,20.617,100.0,0
2024-04-01,9729,3.984,2.51,4.594,7.119,2.212,20.419,98.3,0
2024-04-02,10183,3.99,2.549,4.514,7.648,2.139,20.84,100.0,1
2024-04-03,10058,3.99,2.586,4.71,7.076,2.213,20.575,100.0,0
2024-04-04,10373,3.689,2.484,4.687,6.813,2.122,19.795,100.0,2
2024-04-05,9726,3.811,2.673,4.506,7.049,2.028,20.067,96.0,1
2024-04-06,9813,3.874,2.444,4.221,7.604,2.097,20.24,98.3,0
2024-04-07,9906,3.666,2.629,4.766,6.956,1.984,20.001,100.0,0
2024-04-08,9776,3.567,2.447,4.655,6.888,2.223,19.78,100.0,0
2024-04-09,9861,3.718,2.68,4.651,6.825,2.102,19.976,100.0,1
2024-04-10,9737,4.39,2.68,4.389,7.728,1.975,21.162,93.3,1
2024-04-11,9937,4.056,2.433,4.632,7.007,2.072,20.2,100.0,1
2024-04-12,10354,3.929,2.769,4.41,7.394,2.144,20.646,98.3,0
2024-04-13,9820,3.562,2.75,4.802,6.97,2.026,20.11,100.0,0
2024-04-14,9747,3.973,2.544,4.204,6.856,2.133,19.71,95.0,0
2024-04-15,9882,3.579,2.484,4.723,7.178,2.124,20.088,100.0,1
2024-04-16,9773,3.766,2.643,4.651,7.031,1.956,20.047,100.0,0
2024-04-17,9968,3.856,2.439,4.379,6.916,2.084,19.674,100.0,1
2024-04-18,9902,3.541,2.769,4.272,7.186,2.199,19.967,98.3,0
2024-04-19,10366,3.851,2.708,4.216,7.341,2.081,20.197,100.0,1
2024-04-20,10376,3.789,2.653,4.281,7.349,2.047,20.119,100.0,0
2024-04-21,10420,4.05,2.568,4.543,6.879,2.178,20.218,100.0,0
2024-04-22,10030,3.574,2.523,4.196,7.916,2.036,20.245,98.3,0
2024-04-23,10107,3.598,2.428,4.266,7.691,2.053,20.036,100.0,0
2024-04-24,10428,3.686,2.771,4.883,7.184,2.031,20.555,94.3,0
2024-04-25,9764,3.666,2.667,4.763,7.304,2.225,20.625,100.0,0
2024-04-26,10266,3.68,2.507,4.371,6.713,2.158,19.429,100.0,1
2024-04-27,10599,4.267,2.756,4.574,7.363,1.982,20.942,90.0,0
2024-04-28,10359,3.82,2.613,4.355,7.205,2.161,20.154,100.0,0
2024-04-29,10561,4.03,2.667,4.596,6.964,2.068,20.325,100.0,0
2024-04-30,9702,3.98,2.548,4.406,7.483,2.16,20.577,100.0,0
2024-05-01,9915,3.837,2.632,4.776,7.641,2.038,20.924,96.0,0
2024-05-02,9812,3.815,2.566,4.467,7.693,2.153,20.694,100.0,0
2024-05-03,9879,4.039,2.737,4.236,7.51,2.096,20.618,100.0,1
2024-05-04,10708,4.011,2.605,4.21,7.404,2.109,20.339,98.3,1
2024-05-05,10310,3.891,2.775,4.53,7.436,2.369,21.001,93.3,1
2024-05-06,10563,3.62,2.756,4.382,7.035,2.105,19.898,100.0,0
2024-05-07,10367,3.825,2.78,4.348,7.222,2.06,20.235,98.3,0
2024-05-08,10108,3.761,2.452,4.33,7.572,2.115,20.23,98.3,0
2024-05-09,10107,4.098,2.653,4.686,7.188,1.986,20.611,93.3,1
2024-05-10,10175,3.605,2.757,4.726,6.989,2.141,20.218,100.0,0
2024-05-11,10156,3.587,2.471,4.634,6.897,2.036,19.625,100.0,0
2024-05-12,10199,3.991,2.521,4.416,6.844,2.008,19.78,100.0,0
2024-05-13,10385,4.021,2.552,4.223,6.901,2.133,19.83,95.0,1
2024-05-14,10173,4.01,2.538,4.738,6.741,2.105,20.132,100.0,0
2024-05-15,10729,3.735,2.598,4.738,6.799,2.099,19.969,96.0,0
2024-05-16,9953,3.562,2.75,4.267,7.62,2.366,20.565,93.3,1
2024-05-17,10311,3.624,2.586,4.573,6.708,2.174,19.665,100.0,0
2024-05-18,10254,4.012,2.701,4.397,7.78,2.042,20.932,98.3,0
2024-05-19,10199,3.651,2.581,4.494,7.251,2.008,19.985,96.0,1
2024-05-20,10364,3.815,2.487,4.73,6.717,1.981,19.73,100.0,1
2024-05-21,10202,3.665,2.564,4.763,7.872,2.018,20.882,98.3,0
2024-05-22,10105,3.585,2.669,4.247,7.11,1.985,19.596,100.0,1
2024-05-23,10658,3.714,2.463,4.639,6.915,2.036,19.767,100.0,0
2024-05-24,10300,3.612,2.519,4.558,7.768,1.984,20.441,95.0,1
2024-05-25,10440,3.886,2.647,4.451,7.233,2.049,20.266,100.0,1
2024-05-26,10554,3.901,2.578,4.584,7.09,2.164,20.317,96.0,0
2024-05-27,10201,3.611,2.579,4.638,7.875,2.179,20.882,98.3,1
2024-05-28,10515,3.682,2.539,4.726,7.683,2.206,20.836,100.0,1
2024-05-29,10620,3.82,2.498,4.416,7.178,2.12,20.032,98.3,1
2024-05-30,10229,3.799,2.763,4.614,7.834,1.965,20.975,96.7,2
2024-05-31,10800,3.78,2.428,4.465,7.689,2.068,20.43,100.0,0
2024-06-01,10856,3.944,2.608,4.329,7.095,2.035,20.011,98.3,0
2024-06-02,10798,4.027,2.701,4.743,7.36,2.096,20.927,95.0,1
2024-06-03,10544,3.909,2.719,4.209,7.056,2.178,20.071,100.0,0
2024-06-04,10350,3.802,2.516,4.695,7.463,1.972,20.448,100.0,0
2024-06-05,10331,3.95,2.706,4.696,7.042,2.011,20.405,98.3,1
2024-06-06,10206,3.95,2.452,5.097,6.792,2.012,20.303,96.0,0
2024-06-07,10177,3.966,2.478,4.602,6.72,1.993,19.759,95.0,2
2024-06-08,10863,3.877,2.573,4.644,7.598,2.202,20.894,93.3,0
2024-06-09,10840,3.839,2.763,4.81,7.075,1.983,20.47,100.0,0
2024-06-10,10127,3.888,2.707,4.813,6.851,1.971,20.23,100.0,0
2024-06-11,10742,3.759,2.466,4.602,7.68,2.193,20.7,100.0,0
2024-06-12,10628,3.954,2.596,4.26,7.249,2.203,20.262,95.0,1
2024-06-13,10219,4.042,2.674,4.522,7.369,1.966,20.573,100.0,0
2024-06-14,10703,4.168,2.699,4.292,7.196,2.242,20.597,88.3,0
2024-06-15,10087,3.642,2.587,4.343,7.069,2.219,19.86,100.0,0
2024-06-16,10280,3.545,2.467,4.765,6.707,1.994,19.478,100.0,1
2024-06-17,10698,3.938,2.517,4.408,7.676,2.167,20.706,100.0,1
2024-06-18,10569,3.558,2.541,4.2,6.795,2.057,19.151,100.0,1
2024-06-19,10655,3.596,2.624,4.202,6.922,1.981,19.325,100.0,1
2024-06-20,10642,3.823,2.742,4.535,7.377,2.23,20.707,100.0,1
2024-06-21,10606,4.186,2.727,4.947,6.909,2.115,20.884,91.0,0
2024-06-22,10961,4.279,2.45,4.911,7.585,2.062,21.287,91.0,0
2024-06-23,10976,3.916,2.492,4.439,7.295,2.129,20.271,100.0,0
2024-06-24,10205,3.805,2.641,4.717,7.148,2.214,20.525,100.0,1
2024-06-25,10453,3.876,2.594,4.649,7.048,2.106,20.273,98.3,1
2024-06-26,10608,3.593,2.6,4.987,6.731,2.215,20.126,96.0,0
2024-06-27,11005,3.602,2.467,4.745,7.632,2.095,20.541,100.0,0
2024-06-28,10331,3.696,2.517,4.695,7.064,2.057,20.029,100.0,1
2024-06-29,10711,3.844,2.559,4.788,7.254,2.062,20.507,96.7,0
2024-06-30,10976,3.536,2.673,4.475,7.492,2.23,20.406,100.0,1
2024-07-01,10265,4.193,2.429,4.262,6.941,2.032,19.857,93.3,1
2024-07-02,10131,3.608,2.69,4.458,7.351,2.164,20.271,100.0,1
2024-07-03,10307,3.891,2.769,4.469,7.24,1.981,20.35,100.0,0
2024-07-04,10218,3.639,2.559,4.515,6.765,2.166,19.644,100.0,0
2024-07-05,10299,3.584,2.428,4.569,7.588,2.194,20.363,100.0,1
2024-07-06,9786,3.96,2.456,4.658,6.815,2.038,19.927,100.0,0
2024-07-07,10267,3.601,2.477,4.217,6.954,2.08,19.329,100.0,1
2024-07-08,10406,3.812,2.509,4.449,7.606,2.18,20.556,98.3,0
2024-07-09,9955,3.96,2.741,4.254,7.067,1.967,19.989,100.0,0
2024-07-10,10408,3.545,2.716,4.582,7.898,2.205,20.946,91.7,0
2024-07-11,10098,3.706,2.424,4.5,6.751,2.102,19.483,96.0,0
2024-07-12,9582,3.956,2.645,4.639,6.978,2.2,20.418,89.3,0
2024-07-13,9861,3.906,2.572,4.626,7.506,1.973,20.583,100.0,1
2024-07-14,10011,3.974,2.771,4.357,7.125,2.059,20.286,96.7,0
2024-07-15,9573,3.922,2.433,4.491,6.801,2.243,19.89,100.0,0
2024-07-16,10090,3.861,2.561,4.589,7.466,1.981,20.458,96.0,0
2024-07-17,10064,3.727,2.492,4.324,7.572,2.05,20.165,100.0,2
2024-07-18,9905,4.374,2.719,4.361,6.913,1.986,20.353,95.0,1
2024-07-19,10367,3.854,2.605,4.524,7.043,1.965,19.991,100.0,1
2024-07-20,9776,3.583,2.593,4.629,7.587,2.155,20.547,100.0,0
2024-07-21,10124,4.398,2.735,4.256,7.112,2.176,20.677,95.0,0
2024-07-22,9849,4.066,2.723,4.2,7.582,2.094,20.665,100.0,1
2024-07-23,9811,3.989,2.564,4.716,7.28,2.107,20.656,100.0,0
2024-07-24,10336,4.016,2.637,4.241,7.638,2.031,20.563,100.0,0
2024-07-25,9568,4.056,2.454,4.741,7.467,2.147,20.865,100.0,0
2024-07-26,10382,3.856,2.444,4.761,7.256,2.129,20.446,96.0,1
2024-07-27,10301,3.94,2.776,4.279,6.699,2.037,19.731,100.0,0
2024-07-28,9757,3.788,2.428,4.524,6.945,2.028,19.713,100.0,0
2024-07-29,10111,3.886,2.5,4.363,7.276,2.038,20.063,100.0,1
2024-07-30,10398,3.535,2.609,4.411,6.708,2.072,19.335,100.0,0
2024-07-31,9728,3.729,2.498,4.541,7.349,2.15,20.267,100.0,1
2024-08-01,10436,3.756,2.595,4.752,7.633,2.063,20.799,98.3,0
2024-08-02,9799,4.038,2.617,4.567,7.855,2.026,21.103,93.3,1
2024-08-03,9630,3.872,2.627,4.199,7.19,2.087,19.975,100.0,0
2024-08-04,10101,3.999,2.629,4.504,7.134,2.06,20.326,98.3,0
2024-08-05,9819,3.68,2.708,4.596,7.499,2.137,20.62,100.0,0
2024-08-06,9891,3.762,2.561,4.639,6.755,2.083,19.8,100.0,1
2024-08-07,10303,4.055,2.645,4.342,7.193,2.03,20.265,100.0,0
2024-08-08,9940,4.0,2.734,4.59,7.571,1.965,20.86,94.3,1
2024-08-09,9624,3.999,2.654,4.372,6.756,2.178,19.959,100.0,0
2024-08-10,9739,3.617,2.764,4.48,7.37,2.167,20.398,100.0,0
2024-08-11,10581,3.646,2.765,4.368,7.497,1.968,20.244,100.0,0
2024-08-12,10432,3.81,2.708,4.453,7.142,2.25,20.363,93.3,0
2024-08-13,9692,3.647,2.751,4.193,7.38,2.035,20.006,100.0,0
2024-08-14,10111,3.764,2.777,4.698,7.684,2.016,20.939,100.0,0
2024-08-15,9719,3.749,2.742,4.695,7.13,2.103,20.419,100.0,0
2024-08-16,9761,3.646,2.636,4.78,7.101,1.978,20.141,96.7,1
2024-08-17,10584,3.798,2.442,4.523,7.057,2.154,19.974,98.3,0
2024-08-18,9926,3.848,2.562,4.512,7.109,2.163,20.194,100.0,1
2024-08-19,9996,3.554,2.558,4.2,7.006,2.192,19.51,100.0,0
2024-08-20,10085,3.749,2.485,4.909,7.632,2.056,20.831,96.0,0
2024-08-21,10639,3.986,2.569,4.788,6.779,2.207,20.329,100.0,1
2024-08-22,10113,3.863,2.522,4.206,6.884,2.189,19.664,95.0,1
2024-08-23,10095,4.0,2.656,4.314,7.006,1.982,19.958,93.3,1
2024-08-24,10603,4.02,2.735,4.497,6.834,2.09,20.176,96.0,0
2024-08-25,10442,3.583,2.438,4.491,6.809,2.499,19.82,89.3,1
2024-08-26,10453,3.69,2.478,4.28,6.999,1.999,19.446,100.0,0
2024-08-27,9749,3.691,2.697,4.518,7.092,2.069,20.067,100.0,0
2024-08-28,9746,3.725,2.741,4.39,7.469,1.965,20.29,98.3,0
2024-08-29,9713,3.917,2.497,4.277,7.034,2.22,19.945,100.0,1
2024-08-30,10050,3.906,2.639,4.43,7.455,2.122,20.552,98.3,0
2024-08-31,9885,3.559,2.549,4.789,6.762,2.189,19.848,100.0,2
2024-09-01,11022,3.843,2.491,4.704,7.09,1.965,20.093,98.3,1
2024-09-02,11180,3.556,2.497,4.541,7.153,1.968,19.715,100.0,1
2024-09-03,11049,3.749,2.557,4.43,7.909,2.114,20.759,98.3,1
2024-09-04,11419,4.053,2.66,4.64,7.523,2.065,20.941,100.0,1
2024-09-05,10648,4.199,2.514,4.373,7.372,1.99,20.448,95.0,1
2024-09-06,11270,3.868,2.676,4.524,7.091,2.002,20.161,100.0,0
2024-09-07,11219,3.864,2.484,4.709,7.532,2.006,20.595,100.0,0
2024-09-08,11394,4.016,2.659,4.286,6.89,2.052,19.903,100.0,1
2024-09-09,10900,4.598,2.459,5.013,6.962,2.008,21.04,82.0,0
2024-09-10,11073,3.869,2.757,4.793,6.993,1.974,20.386,100.0,0
2024-09-11,10455,3.902,2.553,4.709,6.823,2.157,20.144,100.0,0
2024-09-12,10427,3.808,2.628,4.694,7.087,2.216,20.433,100.0,0
2024-09-13,11501,3.614,2.739,4.688,7.07,2.028,20.139,100.0,1
2024-09-14,11354,3.699,2.462,4.679,6.758,2.015,19.613,100.0,0
2024-09-15,11422,3.864,2.446,4.772,7.235,2.13,20.447,100.0,0
2024-09-16,10754,3.654,2.48,4.701,7.192,2.046,20.073,100.0,1
2024-09-17,10807,4.011,2.688,4.368,7.212,2.011,20.29,100.0,0
2024-09-18,11333,3.966,2.513,4.513,6.937,1.966,19.895,95.0,0
2024-09-19,10854,3.628,2.753,4.316,7.663,2.202,20.562,98.3,0
2024-09-20,10843,4.014,2.547,4.319,7.307,1.986,20.173,100.0,1
2024-09-21,11112,3.936,2.656,4.261,7.196,2.445,20.494,93.3,1
2024-09-22,10719,3.858,2.641,4.705,6.774,2.1,20.078,100.0,0
2024-09-23,11237,3.822,2.431,4.69,7.448,2.025,20.416,100.0,0
2024-09-24,10660,3.988,2.552,4.514,7.188,2.032,20.274,98.3,1
2024-09-25,11361,4.317,2.432,4.698,7.581,2.154,21.182,90.0,1
2024-09-26,10687,3.898,2.563,4.677,7.097,2.218,20.453,87.7,1
2024-09-27,11470,4.103,2.672,4.304,6.999,2.064,20.142,95.0,0
2024-09-28,10736,3.818,2.554,5.152,7.422,1.972,20.918,94.3,0
2024-09-29,10823,3.784,2.537,5.068,7.47,2.193,21.052,96.0,0
2024-09-30,11510,3.751,2.583,4.365,7.492,2.147,20.338,100.0,0
2024-10-01,12012,3.865,2.54,4.835,7.265,2.154,20.659,96.0,0
2024-10-02,11241,3.968,2.564,4.651,7.734,2.087,21.004,98.3,0
2024-10-03,11735,3.554,2.692,4.584,6.863,2.21,19.903,100.0,0
2024-10-04,12129,3.717,2.697,4.245,7.045,2.155,19.859,100.0,1
2024-10-05,11512,4.109,2.488,4.408,7.662,2.121,20.788,95.0,1
2024-10-06,12039,3.981,2.42,4.612,6.819,2.207,20.039,100.0,0
2024-10-07,11451,3.596,2.67,4.301,7.873,2.419,20.859,91.7,1
2024-10-08,11292,3.938,2.625,4.717,6.794,2.2,20.274,100.0,2
2024-10-09,11447,3.66,2.754,4.498,7.374,2.091,20.377,100.0,0
2024-10-10,11727,3.791,2.713,4.726,7.059,1.987,20.276,100.0,0
2024-10-11,12013,3.657,2.425,4.774,6.762,2.086,19.704,100.0,0
2024-10-12,12156,4.283,2.606,4.795,7.686,2.018,21.388,95.0,0
2024-10-13,12254,3.571,2.477,4.786,6.978,2.062,19.874,96.0,0
2024-10-14,11943,4.028,2.728,4.696,7.1,2.234,20.786,98.3,0
2024-10-15,11355,4.039,2.639,4.65,7.244,2.271,20.843,93.3,0
2024-10-16,12211,3.99,2.697,4.705,7.373,2.247,21.012,100.0,1
2024-10-17,11818,3.843,2.446,4.595,7.183,2.001,20.068,96.0,0
2024-10-18,11999,3.851,2.759,4.533,7.573,2.18,20.896,98.3,0
2024-10-19,12284,3.908,2.511,4.439,6.861,2.02,19.739,100.0,1
2024-10-20,12352,4.001,2.535,4.326,6.701,2.179,19.742,100.0,0
2024-10-21,12111,3.854,2.679,4.789,7.289,2.318,20.929,93.3,1
2024-10-22,11963,4.0,2.682,4.901,7.271,2.206,21.06,96.0,1
2024-10-23,11945,3.772,2.533,4.698,7.213,2.226,20.442,100.0,0
2024-10-24,11962,3.887,2.701,4.787,7.792,1.956,21.123,93.3,0
2024-10-25,12263,3.575,2.734,4.78,7.243,2.209,20.541,96.0,0
2024-10-26,12074,4.342,2.729,4.528,6.956,2.163,20.718,95.0,1
2024-10-27,11455,3.633,2.432,4.698,7.012,2.022,19.797,98.3,0
2024-10-28,11782,3.568,2.649,4.614,7.587,2.135,20.553,96.0,0
2024-10-29,11640,4.019,2.513,4.264,7.275,2.215,20.286,100.0,2
2024-10-30,11775,3.575,2.586,4.748,6.956,2.223,20.088,100.0,0
2024-10-31,11789,3.628,2.639,4.207,7.236,1.957,19.667,100.0,0
2024-11-01,12449,3.991,2.651,4.354,7.09,2.141,20.227,98.3,0
2024-11-02,11639,3.733,2.551,4.656,7.199,1.968,20.107,100.0,2
2024-11-03,12133,3.75,2.496,4.81,7.137,2.155,20.348,100.0,2
2024-11-04,11377,3.58,2.425,4.563,6.93,2.211,19.709,100.0,0
2024-11-05,12309,3.884,2.59,4.3,7.549,2.062,20.385,100.0,0
2024-11-06,12272,4.026,2.715,4.755,7.591,2.152,21.239,100.0,1
2024-11-07,11386,4.34,2.598,4.578,7.51,2.209,21.235,93.3,1
2024-11-08,12078,3.815,2.59,4.214,6.725,2.195,19.539,100.0,0
2024-11-09,12118,4.05,2.485,4.667,7.048,2.138,20.388,100.0,0
2024-11-10,12424,3.905,2.65,4.427,6.833,2.012,19.827,100.0,1
2024-11-11,12235,4.303,2.635,4.523,6.936,2.222,20.619,88.3,0
2024-11-12,12540,4.032,2.73,4.642,6.876,2.01,20.29,100.0,0
2024-11-13,11753,3.577,2.673,4.686,7.342,2.04,20.318,98.3,1
2024-11-14,12206,3.84,2.488,4.737,7.343,2.128,20.536,100.0,0
2024-11-15,11731,3.814,2.652,4.225,6.992,1.965,19.648,100.0,0
2024-11-16,11522,3.882,2.543,4.37,7.401,1.963,20.159,100.0,1
2024-11-17,11572,3.798,2.719,4.512,6.987,2.05,20.066,100.0,1
2024-11-18,11490,3.881,2.758,4.264,7.26,1.97,20.133,98.3,0
2024-11-19,11477,3.8,2.683,4.461,7.289,2.177,20.41,100.0,1
2024-11-20,12512,3.674,2.689,4.483,6.898,2.185,19.929,100.0,1
2024-11-21,12049,3.619,2.656,5.003,7.36,2.082,20.72,94.3,0
2024-11-22,12382,3.621,2.644,4.303,7.635,2.004,20.207,100.0,1
2024-11-23,11818,3.562,2.553,4.768,7.548,1.966,20.397,96.0,1
2024-11-24,12398,4.077,2.715,4.429,7.839,1.979,21.039,93.3,0
2024-11-25,12058,4.015,2.617,4.403,7.549,2.047,20.631,100.0,0
2024-11-26,12533,3.677,2.722,4.748,7.284,2.127,20.558,100.0,1
2024-11-27,11795,3.842,2.711,4.405,7.271,1.961,20.19,98.3,2
2024-11-28,11916,3.548,2.421,4.444,7.415,1.993,19.821,100.0,1
2024-11-29,12525,3.682,2.749,4.319,7.129,2.05,19.929,100.0,1
2024-11-30,12043,3.713,2.474,4.284,7.266,2.195,19.932,100.0,0
2024-12-01,12358,4.031,2.729,4.743,7.177,2.152,20.832,100.0,1
2024-12-02,12515,3.678,2.71,4.635,6.807,1.992,19.822,100.0,1
2024-12-03,11965,3.982,2.479,4.546,7.451,2.224,20.682,95.0,1
2024-12-04,12594,3.697,2.73,4.255,7.661,1.978,20.321,100.0,0
2024-12-05,12719,3.974,2.744,4.786,7.59,2.185,21.279,98.3,0
2024-12-06,12416,3.593,2.762,4.661,7.373,2.194,20.583,100.0,0
2024-12-07,11679,3.695,2.535,4.2,7.003,2.21,19.643,93.3,0
2024-12-08,11754,3.939,2.749,4.462,7.374,1.997,20.521,100.0,0
2024-12-09,11929,3.928,2.631,5.113,7.278,2.175,21.125,96.0,0
2024-12-10,11810,3.77,2.533,4.456,6.765,2.225,19.749,100.0,1
2024-12-11,11569,3.908,2.532,4.296,7.142,2.033,19.911,100.0,0
2024-12-12,12183,4.128,2.612,4.637,7.444,2.078,20.899,95.0,0
2024-12-13,12432,3.989,2.781,4.664,7.592,2.213,21.239,94.3,0
2024-12-14,12710,3.596,2.742,4.476,7.367,2.192,20.373,100.0,1
2024-12-15,12258,3.842,2.683,4.729,7.361,2.148,20.763,100.0,1
2024-12-16,12706,3.954,2.582,4.739,7.702,1.961,20.938,95.0,0
2024-12-17,12556,3.587,2.744,4.785,7.043,2.11,20.269,100.0,1
2024-12-18,11933,3.63,2.637,4.187,6.752,1.976,19.182,100.0,0
2024-12-19,12309,3.736,2.715,4.64,7.049,2.153,20.293,100.0,0
2024-12-20,12037,3.838,2.597,4.191,7.027,2.012,19.665,100.0,1
2024-12-21,11732,4.007,2.467,4.261,7.113,2.113,19.961,100.0,1
2024-12-22,12418,3.95,2.748,4.261,6.786,1.984,19.729,100.0,0
2024-12-23,11633,3.598,2.622,4.562,7.552,2.182,20.516,100.0,0
2024-12-24,12709,3.654,2.579,4.599,7.171,2.453,20.456,93.3,0
2024-12-25,12200,3.576,2.541,4.813,7.134,2.149,20.213,98.3,0
2024-12-26,12795,3.71,2.548,4.713,7.535,2.205,20.711,100.0,0
2024-12-27,11768,3.971,2.494,4.355,7.424,2.148,20.392,100.0,0
2024-12-28,12379,3.657,2.743,5.44,7.017,2.231,21.088,92.0,0
2024-12-29,12097,3.694,2.574,4.461,7.279,2.148,20.156,100.0,0
2024-12-30,12204,3.987,2.594,4.582,6.938,2.024,20.125,98.3,1
2024-12-31,12629,3.813,2.611,4.316,7.69,2.022,20.452,100.0,0
2025-01-01,11484,3.637,2.623,5.117,6.882,2.178,20.437,96.0,1
2025-01-02,11605,3.859,2.642,4.777,7.502,2.223,21.003,100.0,0
2025-01-03,11867,3.781,2.626,4.747,7.106,2.173,20.433,100.0,0
2025-01-04,11290,3.731,2.626,4.216,7.408,2.246,20.227,100.0,0
2025-01-05,11376,3.572,2.493,4.231,7.116,2.147,19.559,100.0,1
2025-01-06,11951,3.75,2.424,4.5,7.352,2.093,20.119,100.0,0
2025-01-07,11752,3.966,2.451,4.731,6.742,2.121,20.011,100.0,0
2025-01-08,11963,3.861,2.423,4.436,7.44,2.2,20.36,100.0,0
2025-01-09,11421,4.215,2.633,4.808,7.432,2.227,21.315,95.0,0
2025-01-10,11658,3.755,2.545,4.29,7.671,2.088,20.349,100.0,1
2025-01-11,11780,3.581,2.652,4.624,7.382,2.029,20.268,100.0,1
2025-01-12,12139,3.789,2.633,4.867,7.434,2.189,20.912,94.3,0
2025-01-13,11115,3.785,2.44,4.799,7.523,2.243,20.79,96.0,1
2025-01-14,12015,3.767,2.696,4.562,6.917,2.036,19.978,100.0,0
2025-01-15,11414,3.987,2.517,4.354,6.979,2.017,19.854,100.0,0
2025-01-16,11267,3.658,2.674,4.284,6.747,2.049,19.412,100.0,0
2025-01-17,12154,4.051,2.678,4.306,7.446,2.06,20.541,100.0,1
2025-01-18,11665,3.833,2.59,4.805,7.251,2.123,20.602,100.0,0
2025-01-19,11695,3.967,2.771,4.539,7.448,2.209,20.934,100.0,0
2025-01-20,11863,3.9,2.782,4.447,7.773,2.244,21.146,98.3,0
2025-01-21,11158,3.59,2.562,4.733,7.141,2.24,20.266,93.3,0
2025-01-22,12185,3.606,2.6,4.603,6.765,2.247,19.821,100.0,1
2025-01-23,11352,3.943,2.698,4.619,7.838,2.074,21.172,93.3,0
2025-01-24,11336,3.83,2.506,4.256,7.605,2.087,20.284,98.3,0
2025-01-25,11235,3.648,2.468,4.458,7.326,2.115,20.015,98.3,0
2025-01-26,12057,3.838,2.593,4.312,7.252,2.044,20.039,100.0,0
2025-01-27,11243,3.826,2.634,4.201,7.647,1.989,20.297,100.0,0
2025-01-28,11607,3.83,2.702,4.683,7.297,2.237,20.749,100.0,0
2025-01-29,11655,3.56,2.62,5.042,8.044,2.245,21.511,92.7,1
2025-01-30,11826,3.641,2.657,4.528,7.219,1.981,20.026,100.0,0
2025-01-31,12027,3.546,2.446,4.708,7.415,2.108,20.223,100.0,1
2025-02-01,11244,3.54,2.701,4.568,7.49,2.424,20.723,93.3,1
2025-02-02,11833,3.956,2.733,4.39,7.268,2.117,20.464,100.0,0
2025-02-03,11929,4.195,2.66,5.275,7.698,1.971,21.799,87.0,0
2025-02-04,11326,3.884,2.443,4.31,7.142,2.243,20.022,98.3,1
2025-02-05,11379,4.42,2.688,4.418,7.566,2.151,21.243,95.0,0
2025-02-06,11221,3.927,2.639,4.386,7.033,1.966,19.951,98.3,0
2025-02-07,12121,3.608,2.727,4.256,7.272,1.982,19.845,100.0,0
2025-02-08,12193,3.746,2.544,4.796,7.726,2.039,20.851,96.7,1
2025-02-09,12010,3.552,2.588,4.652,7.535,2.196,20.523,93.3,0
2025-02-10,11230,3.71,2.473,4.649,6.721,2.197,19.75,100.0,0
2025-02-11,12069,3.941,2.48,4.589,7.928,2.004,20.942,98.3,1
2025-02-12,11917,3.536,2.592,4.342,7.449,2.004,19.923,100.0,0
2025-02-13,11580,3.795,2.716,4.761,7.534,2.07,20.876,98.3,1
2025-02-14,11878,3.653,2.489,4.446,7.41,2.077,20.075,100.0,1
2025-02-15,12298,3.627,2.665,4.498,7.84,2.081,20.711,98.3,1
2025-02-16,12085,3.844,2.424,4.54,7.241,2.108,20.157,100.0,1
2025-02-17,12274,3.797,2.512,4.516,7.521,2.22,20.566,100.0,1
2025-02-18,11714,3.777,2.463,4.4,7.061,2.114,19.815,100.0,1
2025-02-19,11967,3.628,2.606,4.478,7.522,2.35,20.584,93.3,1
2025-02-20,11296,4.026,2.465,4.244,7.102,2.087,19.924,100.0,1
2025-02-21,12278,3.93,2.731,5.194,7.492,1.974,21.321,92.0,0
2025-02-22,12052,3.545,2.422,4.29,6.894,2.195,19.346,100.0,1
2025-02-23,11440,3.934,2.776,4.251,7.074,2.184,20.219,100.0,0
2025-02-24,11438,3.663,2.558,5.143,6.835,1.975,20.174,96.0,1
2025-02-25,11316,3.907,2.451,4.742,6.953,2.022,20.075,100.0,1
2025-02-26,11340,3.559,2.656,4.686,6.81,2.095,19.806,100.0,1
2025-02-27,11655,3.654,2.61,4.41,7.608,2.067,20.349,98.3,1
2025-02-28,11936,4.328,2.531,4.647,6.718,2.217,20.441,95.0,0
2025-03-01,12094,3.543,2.619,4.793,7.073,2.191,20.219,94.3,0
2025-03-02,11965,4.032,2.589,4.411,7.044,1.955,20.031,100.0,0
2025-03-03,11568,3.75,2.711,4.707,7.478,2.107,20.753,100.0,0
2025-03-04,11494,3.785,2.649,4.273,6.906,2.162,19.775,100.0,0
2025-03-05,11620,3.729,2.6,4.216,6.725,2.003,19.273,100.0,0
2025-03-06,11871,3.741,2.702,4.755,7.097,2.208,20.503,100.0,1
2025-03-07,11804,3.991,2.472,4.473,7.687,2.315,20.938,93.3,0
2025-03-08,12299,3.824,2.78,4.472,7.419,2.145,20.64,100.0,0
2025-03-09,12118,3.859,2.578,4.582,7.16,2.204,20.383,94.3,1
2025-03-10,12517,3.977,2.456,4.227,7.134,2.138,19.932,100.0,0
2025-03-11,11739,4.026,2.737,4.572,7.556,1.983,20.874,98.3,1
2025-03-12,12266,4.299,2.555,4.665,7.621,2.117,21.257,93.3,1
2025-03-13,11838,3.934,2.753,4.705,7.18,2.02,20.592,98.3,0
2025-03-14,12387,3.597,2.665,4.54,7.388,2.114,20.304,100.0,1
2025-03-15,11406,3.57,2.645,4.232,7.005,2.068,19.52,100.0,1
2025-03-16,11474,4.214,2.745,4.276,7.348,2.141,20.724,93.3,0
2025-03-17,12506,3.963,2.512,4.519,7.31,2.175,20.479,96.0,2
2025-03-18,12336,3.774,2.603,4.401,6.936,2.739,20.453,86.7,0
2025-03-19,12496,4.007,2.648,4.286,6.894,1.956,19.791,100.0,1
2025-03-20,11604,3.877,2.502,4.582,7.654,2.061,20.676,100.0,0
2025-03-21,11796,3.659,2.656,4.534,7.374,2.033,20.256,100.0,0
2025-03-22,11937,3.599,2.686,4.535,6.763,2.238,19.821,100.0,0
2025-03-23,11954,3.544,2.499,4.225,7.407,2.221,19.896,98.3,1
2025-03-24,11666,3.545,2.78,5.046,6.75,2.1,20.221,96.0,2
2025-03-25,12485,3.598,2.49,4.354,7.221,2.205,19.868,100.0,0
2025-03-26,12325,3.881,2.492,4.551,7.712,1.985,20.621,96.7,1
2025-03-27,11880,3.671,2.523,4.252,7.515,2.1,20.061,98.3,1
2025-03-28,12462,3.555,2.702,4.721,7.324,2.164,20.466,96.0,0
2025-03-29,11651,3.551,2.612,4.67,6.925,2.044,19.802,100.0,1
2025-03-30,12369,4.045,2.666,4.434,6.704,2.482,20.331,93.3,0
2025-03-31,12658,3.594,2.454,4.262,6.854,2.02,19.184,100.0,1
2025-04-01,12244,3.939,2.5,4.645,7.446,2.221,20.751,100.0,0
2025-04-02,12679,4.04,2.669,4.617,6.894,2.148,20.368,100.0,0
2025-04-03,11535,4.191,2.775,4.629,7.277,2.186,21.058,91.0,1
2025-04-04,12177,4.383,2.722,4.531,6.917,2.045,20.598,93.3,1
2025-04-05,11664,3.859,2.558,4.541,6.901,2.193,20.052,98.3,0
2025-04-06,12006,3.591,2.644,4.741,6.872,1.954,19.802,100.0,0
2025-04-07,11918,3.78,2.599,4.715,7.357,2.217,20.668,100.0,0
2025-04-08,12477,3.765,2.726,4.257,7.393,2.036,20.177,98.3,0
2025-04-09,12430,4.017,2.449,4.63,7.057,2.031,20.184,98.3,0
2025-04-10,12504,3.704,2.638,4.346,7.183,2.214,20.085,100.0,1
2025-04-11,11796,4.228,2.464,4.738,6.968,1.964,20.362,93.3,0
2025-04-12,11569,3.946,2.767,4.81,7.507,2.004,21.034,100.0,1
2025-04-13,12053,3.642,2.471,4.534,7.646,2.231,20.524,98.3,0
2025-04-14,12454,3.916,2.601,4.308,6.766,2.015,19.606,100.0,1
2025-04-15,11928,4.139,2.629,4.451,7.034,2.246,20.499,93.3,0
2025-04-16,12292,3.606,2.559,4.264,6.935,2.052,19.416,100.0,0
2025-04-17,11845,3.727,2.777,4.318,6.956,2.243,20.021,100.0,0
2025-04-18,12079,4.065,2.585,4.324,7.517,2.144,20.635,95.0,1
2025-04-19,12407,3.879,2.776,4.385,7.099,2.23,20.369,96.7,1
2025-04-20,12370,4.41,2.458,4.528,7.071,2.162,20.629,95.0,1
2025-04-21,11738,3.826,2.602,5.04,7.089,2.22,20.777,96.0,0
2025-04-22,12392,4.064,2.43,4.636,6.869,2.242,20.241,100.0,1
2025-04-23,12764,3.568,2.434,4.428,7.115,2.08,19.625,100.0,0
2025-04-24,11738,3.601,2.734,4.721,7.203,2.023,20.282,96.0,2
2025-04-25,12231,3.6,2.466,4.668,7.663,2.183,20.58,98.3,0
2025-04-26,12032,3.655,2.544,4.771,7.095,2.167,20.232,100.0,0
2025-04-27,12074,4.335,2.494,4.486,7.459,2.001,20.775,95.0,0
2025-04-28,12473,3.651,2.543,4.428,7.561,2.23,20.413,100.0,1
2025-04-29,12149,4.037,2.552,4.459,7.879,1.953,20.88,98.3,0
2025-04-30,12301,4.356,2.598,4.607,7.447,2.205,21.213,95.0,0
2025-05-01,12084,4.21,2.475,4.639,7.616,2.216,21.156,95.0,0
2025-05-02,11791,3.973,2.645,4.612,7.35,2.099,20.679,98.3,1
2025-05-03,12429,3.685,2.702,4.222,7.278,2.434,20.321,93.3,1
2025-05-04,11827,3.897,2.488,4.576,7.542,2.044,20.547,100.0,0
2025-05-05,12699,4.045,2.459,4.583,6.736,2.301,20.124,93.3,0
2025-05-06,12559,4.035,2.665,4.802,6.723,1.994,20.219,100.0,1
2025-05-07,12820,3.583,2.454,4.467,7.602,2.192,20.298,100.0,0
2025-05-08,12346,3.688,2.476,4.462,7.333,2.002,19.961,100.0,2
2025-05-09,12594,3.996,2.722,4.269,7.011,2.105,20.103,100.0,0
2025-05-10,12218,3.87,2.511,4.199,7.35,2.027,19.957,100.0,1
2025-05-11,12311,3.846,2.617,4.594,7.166,2.117,20.34,100.0,1
2025-05-12,11837,4.008,2.439,4.597,7.029,1.96,20.033,100.0,0
2025-05-13,12488,3.809,2.622,4.284,6.899,2.028,19.642,100.0,0
2025-05-14,11797,4.241,2.478,4.573,6.816,2.007,20.115,95.0,0
2025-05-15,11772,4.325,2.745,4.401,7.696,2.237,21.404,95.0,0
2025-05-16,11745,3.94,2.463,4.485,6.919,2.348,20.155,93.3,0
2025-05-17,11951,3.855,2.458,4.754,7.05,2.069,20.186,100.0,1
2025-05-18,12133,4.011,2.669,5.08,7.458,1.985,21.203,96.0,0
2025-05-19,12222,3.631,2.628,4.301,7.173,2.238,19.971,98.3,0
2025-05-20,12377,4.149,2.749,4.417,7.182,2.221,20.718,95.0,0
2025-05-21,12419,3.6,2.526,4.451,6.933,2.006,19.516,98.3,0
2025-05-22,12481,3.981,2.572,4.542,7.363,2.141,20.599,100.0,0
2025-05-23,12791,3.806,2.591,4.708,6.994,2.105,20.204,100.0,0
2025-05-24,12416,3.635,2.591,4.565,7.301,1.963,20.055,100.0,1
2025-05-25,12527,3.714,2.512,4.216,7.121,2.209,19.772,100.0,1
2025-05-26,11797,4.013,2.431,4.546,7.569,2.018,20.577,96.7,1
2025-05-27,12578,3.883,2.712,4.385,6.882,2.104,19.966,100.0,1
2025-05-28,12963,3.987,2.743,5.237,7.617,2.041,21.625,92.0,1
2025-05-29,12882,3.758,2.436,4.273,7.46,2.086,20.013,100.0,0
2025-05-30,12360,3.9,2.564,4.692,7.411,2.086,20.653,100.0,0
2025-05-31,12489,3.756,2.438,4.572,7.669,2.207,20.642,100.0,1
2025-06-01,12355,3.692,2.639,4.324,6.899,2.146,19.7,100.0,0
2025-06-02,11958,3.88,2.72,4.534,7.151,2.092,20.377,100.0,1
2025-06-03,12054,3.849,2.736,4.549,7.268,1.991,20.393,96.0,0
2025-06-04,12487,3.639,2.654,4.728,8.291,2.012,21.324,95.0,0
2025-06-05,12108,3.785,2.633,4.233,7.142,2.195,19.988,100.0,1
2025-06-06,12089,3.679,2.766,4.567,6.85,2.247,20.109,100.0,0
2025-06-07,12720,3.591,2.558,4.226,7.066,2.242,19.683,100.0,0
2025-06-08,12943,3.913,2.591,4.477,6.973,2.221,20.175,95.0,0
2025-06-09,12427,4.401,2.555,4.278,7.49,2.007,20.731,95.0,1
2025-06-10,12305,3.869,2.748,4.73,7.69,2.116,21.153,98.3,0
2025-06-11,13100,3.824,2.561,4.234,6.907,1.991,19.517,100.0,0
2025-06-12,11930,3.574,2.549,4.688,7.127,2.189,20.127,98.3,1
2025-06-13,13047,3.811,2.609,4.371,6.976,2.209,19.976,100.0,2
2025-06-14,11980,3.591,2.729,4.807,7.368,2.082,20.577,100.0,0
2025-06-15,13144,3.697,2.664,4.494,7.184,2.362,20.401,87.7,0
2025-06-16,12605,3.871,2.548,4.68,7.211,2.049,20.359,100.0,0
2025-06-17,13084,4.15,2.499,4.597,6.953,2.118,20.317,95.0,1
2025-06-18,12282,4.065,2.44,4.756,7.032,1.965,20.258,100.0,0
2025-06-19,12620,4.008,2.524,4.439,6.88,1.978,19.829,100.0,1
2025-06-20,13001,4.04,2.589,4.304,6.955,2.179,20.067,98.3,1
2025-06-21,13084,3.713,2.426,4.853,7.623,2.454,21.069,89.3,0
2025-06-22,12797,3.915,2.524,4.651,7.696,1.985,20.771,100.0,0
2025-06-23,13149,3.835,2.443,4.287,6.872,2.168,19.605,100.0,0
